parent_image_id,parent_filename,child_cropped_id,child_filename,display_title,corpus_layer,source_type,Author,motif_specific,motif_group,object_type,place_of_origin,iconclass_code,year,Link
ARC_FRES_003,"The House of the Ladies in Akrotiri, Thera",ARC_FRES_003_CROP_08,ARC_FRES_003_papyrus_08.jpg,"Papyrus group motif — House of the Ladies, Akrotiri, Thera",archaeological,Wikimedia Commons,unknown,papyrus_group,vegetal,fresco,"Akrotiri, Thera",25G41,-1600,https://commons.wikimedia.org/wiki/File:Wall_painting_of_two_ladies_and_papyrus_plants_from_Akrotiri_(house_of_the_ladies)_-_Thera_MPT_-_05.jpg
ARC_FRES_011,Fresco with antelopes from Akrotiri.jpg,ARC_FRES_011_CROP_02,ARC_FRES_011_double_ivy_sprigs_02.jpg,"Paired ivy sprigs motif — Antelope Fresco, Akrotiri",archaeological,Wikimedia Commons,unknown,double_ivy_sprigs,vegetal,fresco,"Akrotiri, Thera",25G4(IVY),-1600,https://commons.wikimedia.org/wiki/File:Akrotiri_Antelopes_fresco.jpg?uselang=ru
BOOK_004,"Place of minos at knossos vol.1 by Evans, Arthur-602",BOOK_004_CROP_01,BOOK_004_lily_01.jpg,"Lily motif — The Palace of Minos at Knossos, vol. 1, p. 602",publication,"Arthur Evans, Place of Minos at Knossos vol.1",,lily,floral,book_illustration,Knossos,25G41(LILY),1921,https://archive.org/details/in.gov.ignca.6667/page/n601/mode/2up
BOOK_006,"Place of minos at knossos vol.1 by Evans, Arthur-675",BOOK_006_CROP_01,BOOK_006_lily_group_01.jpg,"Lily group motif — The Palace of Minos at Knossos, vol. 1, p. 675",publication,"Arthur Evans, Place of Minos at Knossos vol.1",,lily_group,floral,book_illustration,Knossos,25G41(LILY),1921,https://archive.org/details/in.gov.ignca.6667/page/603/mode/2up
BOOK_007,"Place of minos at knossos vol.1 by Evans, Arthur-676",BOOK_007_CROP_01,BOOK_007_lily_group_01.jpg,"Lily group motif — The Palace of Minos at Knossos, vol. 1, p. 676",publication,"Arthur Evans, Place of Minos at Knossos vol.1",,lily_group,floral,book_illustration,Knossos,25G41(LILY),1921,https://archive.org/details/in.gov.ignca.6667/page/603/mode/2up
BOOK_020,The prehistoric tombs of Knossos-190,BOOK_020_CROP_01,BOOK_020_papyrus_flower_01.jpg,"Papyrus flower motif — The Prehistoric Tombs of Knossos, p. 190",publication,The Prehistoric Tombs of Knossos,,papyrus_flower,floral,book_illustration,Knossos,25G41,1906,https://archive.org/details/prehistorictombs00evan/page/n189/mode/1up
BOOK_008,"Place of minos at knossos vol.1 by Evans, Arthur-678",BOOK_008_CROP_02,BOOK_008_tulips_02.jpg,"Tulip motif — The Palace of Minos at Knossos, vol. 1, p. 678",publication,"Arthur Evans, Place of Minos at Knossos vol.1",,tulips,floral,book_illustration,Knossos,25G41(TULIP),1921,https://archive.org/details/in.gov.ignca.6667/page/605/mode/2up
BOOK_013,The prehistoric tombs of Knossos-103,BOOK_013_CROP_01,BOOK_013_papyrus_like_flower_01.jpg,"Papyrus flower motif — The Prehistoric Tombs of Knossos, p. 103",publication,The Prehistoric Tombs of Knossos,,papyrus_flower,floral,book_illustration,Knossos,25G41,1906,https://archive.org/details/prehistorictombs00evan/page/91/mode/1up
BOOK_027,"Archaeology Of Crete Introduction by Pendlebury, J.d.s-233.tiff",BOOK_027_CROP_01,BOOK_027_papyrus_like_flower_01.jpg,"Papyrus flower motif — J. D. S. Pendlebury, Archaeology of Crete: An Introduction, p. 233",publication,J. D. S. Pendlebury,,papyrus_flower,floral,book_illustration,Crete,25G41,1939,https://archive.org/details/in.ernet.dli.2015.529784/page/n233/mode/1up
BOOK_027,"Archaeology Of Crete Introduction by Pendlebury, J.d.s-233.tiff",BOOK_027_CROP_02,BOOK_027_crocuses_02.jpg,"Crocus group motif — J. D. S. Pendlebury, Archaeology of Crete: An Introduction, p. 233",publication,J. D. S. Pendlebury,,crocus_group,floral,book_illustration,Crete,25G41(CROCUS),1939,https://archive.org/details/in.ernet.dli.2015.529784/page/n233/mode/1up
BOOK_028,"Archaeology Of Crete Introduction by Pendlebury, J.d.s-237.tiff",BOOK_028_CROP_03,BOOK_028_papyrus_flower_03.jpg,"Papyrus flower motif — J. D. S. Pendlebury, Archaeology of Crete: An Introduction, p. 237",publication,J. D. S. Pendlebury,,papyrus_flower,floral,book_illustration,Crete,25G41,1939,https://archive.org/details/in.ernet.dli.2015.529784/page/n237/mode/1up
BOOK_029,"Archaeology Of Crete Introduction by Pendlebury, J.d.s-240.tiff",BOOK_029_CROP_01,BOOK_029_lily_01.jpg,"Lily motif — J. D. S. Pendlebury, Archaeology of Crete: An Introduction, p. 240",publication,J. D. S. Pendlebury,,lily,floral,book_illustration,Crete,25G41(LILY),1939,https://archive.org/details/in.ernet.dli.2015.529784/page/n240/mode/1up
BOOK_029,"Archaeology Of Crete Introduction by Pendlebury, J.d.s-240.tiff",BOOK_029_CROP_02,BOOK_029_papyrus_flower_02.jpg,"Papyrus flower motif — J. D. S. Pendlebury, Archaeology of Crete: An Introduction, p. 240",publication,J. D. S. Pendlebury,,papyrus_flower,floral,book_illustration,Crete,25G41,1939,https://archive.org/details/in.ernet.dli.2015.529784/page/n240/mode/1up
BOOK_031,"THE SAFFRON GATHERER FRESCO (M. M. H) Place of minos at knossos vol.1 by Evans, Arthur-312.jpg",BOOK_031_CROP_01,BOOK_031_crocuses_01.jpg,"Crocus group motif — Saffron Gatherer Fresco, reproduced in The Palace of Minos at Knossos, vol. 1, p. 312",publication,"Arthur Evans, Place of Minos at Knossos vol.1",,crocus_group,floral,book_illustration,Knossos,25G41(CROCUS),1921,https://archive.org/details/in.gov.ignca.6667/page/n312/mode/1up
BOOK_038,Tra_l_antico_e_il_moderno_dalle_produzio-15_Figura 2. Frammento dell'«Affresco del Gatto» di Haghia Triada (Halbherr 1903 tav. IX).jpg,BOOK_038_CROP_02,BOOK_038_flower_02.jpg,"Flower group motif — Fragment of the Cat Fresco, Haghia Triada (Halbherr 1903, pl. IX)",publication,"Halbherr, F. / I.Caloi, ‘Tra l’antico e il moderno: dalle produzioni artistiche di Haghia Triada agli «scialli Knossos» di Mariano Fortuny y Madrazo’",,flowers_group,floral,book_illustration,,25G41,1903,https://www.academia.edu/2441552/Tra_l_antico_e_il_moderno_dalle_produzioni_artistiche_di_Haghia_Triada_agli_scialli_Knossos_di_Mariano_Fortuny_y_Madrazo_in_MUSINT_Le_collezioni_archeologiche_egee_e_cipriote_in_Toscana_Ricerche_ed_esperienze_di_museologia_interattiva_Periploi_4_Firenze_2011_pp_187_202
BOOK_039,edgar p 151 publ 1904.png,BOOK_039_CROP_01,BOOK_039_heart_shaped_with_three_crocus_buds_01.jpg,"Heart-shaped form with three crocus buds motif — Illustration published by Edgar (1904), p. 151",publication,"Edgar C. in Excavations at Phylakopi in Melos, conducted by the British School at Athens, described by T.D. Atkinson",,heart_shaped_with_three_crocus_buds,floral,book_illustration,,25G41(CROCUS),1904,https://archive.org/details/excavationsatphy00brituoft/page/131/mode/1up
BAK_DRESS_001,"L. Bakst, a sketch of a Boeotian costume for the ballet Narcissus",BAK_DRESS_001_CROP_03,BAK_DRESS_001_lily_03.jpg,Lily motif — Boeotian costume design for Narcisse by Léon Bakst,reception,Léon Bakst,Léon Bakst,lily,floral,costume_design,France\Russia,25G41(LILY),1911,https://commons.wikimedia.org/wiki/File:Bakst_Narcisse_Bacchante.jpg
FAS_DRESS_013,Karl -1 screeshot from video (dress).png,FAS_DRESS_013_CROP_01,FAS_DRESS_013_lily_group_01.jpg,Lily group motif — Dress from the Chloé Spring–Summer 1994 collection,reception,Chloé SS1994,Karl Lagerfeld / Chloé SS1994,lily_group,floral,dress,"Paris, France",25G41(LILY),1994, https://www.youtube.com/watch?v=O3YIZ2PAt6I
FAS_DRESS_013,Karl -1 screeshot from video (dress).png,FAS_DRESS_013_CROP_02,FAS_DRESS_013_lily_02.jpg,Lily motif — Dress from the Chloé Spring–Summer 1994 collection,reception,Chloé SS1994,Karl Lagerfeld / Chloé SS1994,lily,floral,dress,"Paris, France",25G41(LILY),1994, https://www.youtube.com/watch?v=O3YIZ2PAt6I
FLO_DRESS_001,"Fig. 4.17 (in search 151) Woven gown by Florentini Kaloutsi, alluding to the Prince of Lilies fresco from Knossos (after Mitsotaki 1999 illustration on p69,).png",FLO_DRESS_001_CROP_01,FLO_DRESS_001_lily_01.jpg,"Lily motif — Woven gown by Florentini Kaloutsi, alluding to the Prince of the Lilies fresco",reception,Private collection,Florentini Kaloutsi,lily,floral,dress,"Chania, Crete",25G41(LILY),1932,https://www.diplouspelekis.gr/photo-gallery/
FLO_TXT_001,"Woven composition «Tapisserie» (or «Seabed»), ca. 1937, cotton, 87 × 133 cm. Private collection. Silver medal award at the 1937 Paris International Exhibition.",FLO_TXT_001_CROP_01,FLO_TXT_001_octopus_01,"Octopus motif — Woven composition Tapisserie (Seabed), ca. 1937",reception,Private collection,Florentini Kaloutsi,octopus,marine,textile,,25F72(OCTOPUS),1932,https://www.diplouspelekis.gr/photo-gallery/
FLO_DRESS_002,"Woven robe with Minoan lilies pattern, 1924-1940 (design), cotton, H. 133 cm. Private collection..jpg",FLO_DRESS_002_CROP_01,FLO_DRESS_002_lily_01.jpg,"Lily motif — Woven robe with a Minoan lily pattern, 1924–1940",reception,Private collection,Florentini Kaloutsi,lily,floral,dress,"Chania, Crete",25G41(LILY),1932,https://www.calameo.com/read/005741914ce2f186eda13
FOR_DRESS_002,"Coat, Mariano Fortuny Museo del Traje.jpg",FOR_DRESS_002_CROP_01,FOR_DRESS_002_flowers_group_01.jpg,"Flower group motif — Coat by Mariano Fortuny, Museo del Traje",reception,Museo del Traje,Mariano Fortuny,flowers_group,floral,coat,Venice,25G41,1910,https://museodeltrajevirtual.com/mariano-fortuny-y-madrazo/#mirada
FOR_DRESS_007,Tunica 49 (Caloi).png,FOR_DRESS_007_CROP_01,FOR_DRESS_007_papyrus_flower_01.jpg,Papyrus flower motif — Tunic no. 49 (Caloi),reception,"I.Caloi, Modernità MinoicaL'Arte Egea e l'Art Nouveau: il Caso di Mariano Fortuny y Madrazo",Mariano Fortuny,papyrus_flower,floral,tunica,Venice,25G41,1920,Copyright restricted. https://books.fupress.com/catalogue/modernit-minoicalarte-egea-e-lart-nouveau-il-caso-di-mariano-fortuny-y-madrazo/2161
ARC_FRES_010,Lily fresco_heraklionmuseum,ARC_FRES_010_CROP_03,ARC_FRES_010_lily_group_03.jpg,"Lily group motif — Lily Fresco, Amnisos",archaeological,Heraklion Archaeological Museum,unknown,lily_group,floral,fresco,villa at Amnisos,25G41(LILY),-1550,https://heraklionmuseum.gr/en/exhibit/lily-fresco/
ARC_FRES_013,Akrotiri papyrus fresco Museum_Thira.jpg,ARC_FRES_013_CROP_01,ARC_FRES_013_papyrus_group_01.jpg,"Papyrus group motif — Papyrus Fresco, Akrotiri",archaeological,Wikimedia Commons,unknown,papyrus_group,floral,fresco,"Akrotiri, Thera",25G41,-1600,https://commons.wikimedia.org/wiki/Category:Papyrus_fresco_(Akrotiri)
ARC_FRES_004,Two fresco fragments with myrtle branches Knossos,ARC_FRES_004_CROP_01,ARC_FRES_004_myrtle_01.jpg,"Myrtle-like foliage motif — Fresco fragments with myrtle branches, Knossos",archaeological,Heraklion Archaeological Museum,unknown,myrtle_like_foliage,floral,fresco,Knossos,25G4,-1500,https://ca.heraklionmuseum.gr/ca/pawtucket/index.php/Detail/objects/840
ARC_FRES_004,Two fresco fragments with myrtle branches Knossos,ARC_FRES_004_CROP_04,ARC_FRES_004_myrtle_04.jpg,"Myrtle-like foliage motif — Fresco fragments with myrtle branches, Knossos",archaeological,Heraklion Archaeological Museum,unknown,myrtle_like_foliage,floral,fresco,Knossos,25G4,-1500,https://ca.heraklionmuseum.gr/ca/pawtucket/index.php/Detail/objects/840
ARC_FRES_007,Fresco fragment with ivy stems in a rocky landscape_ knoss_heraklionmuseum,ARC_FRES_007_CROP_01,ARC_FRES_007_ivy_01.jpg,"Ivy motif — Fresco fragment with ivy stems in a rocky landscape, Knossos",archaeological,Heraklion Archaeological Museum,unknown,ivy,floral,fresco,Knossos,25G4(IVY),-1500,https://ca.heraklionmuseum.gr/ca/pawtucket/index.php/Detail/objects/838
ARC_FRES_007,Fresco fragment with ivy stems in a rocky landscape_ knoss_heraklionmuseum,ARC_FRES_007_CROP_02,ARC_FRES_007_ivy_02.jpg,"Ivy motif — Fresco fragment with ivy stems in a rocky landscape, Knossos",archaeological,Heraklion Archaeological Museum,unknown,ivy,floral,fresco,Knossos,25G4(IVY),-1500,https://ca.heraklionmuseum.gr/ca/pawtucket/index.php/Detail/objects/838
ARC_FRES_008,Fresco fragment with white lilies_knoss_heraklionmuseum,ARC_FRES_008_CROP_02,ARC_FRES_008_lily_02.jpg,"Lily motif — Fresco fragment with white lilies, Knossos",archaeological,Heraklion Archaeological Museum,unknown,lily,floral,fresco,Knossos,25G41(LILY),-1450,https://ca.heraklionmuseum.gr/ca/pawtucket/index.php/Detail/objects/837
ARC_FRES_009,heraklionmuseum Fresco fragment with crocuses,ARC_FRES_009_CROP_01,ARC_FRES_009_crocus_01.jpg,"Crocus group motif — Fresco fragment with crocuses, Knossos",archaeological,Heraklion Archaeological Museum,unknown,crocus,floral,fresco,Knossos,25G41(CROCUS),-1550,https://ca.heraklionmuseum.gr/ca/pawtucket/index.php/Detail/objects/842
ARC_FRES_009,heraklionmuseum Fresco fragment with crocuses,ARC_FRES_009_CROP_03,ARC_FRES_009_crocuses_group_03.jpg,"Crocus group motif — Fresco fragment with crocuses, Knossos",archaeological,Heraklion Archaeological Museum,unknown,crocus_group,floral,fresco,Knossos,25G41(CROCUS),-1500,https://ca.heraklionmuseum.gr/ca/pawtucket/index.php/Detail/objects/842
ARC_VAS_001,Palace Style pithoid jar_knoss_heraklionmuseum,ARC_VAS_001_CROP_02,ARC_VAS_001_papyrus_flower_02.jpg,"Papyrus flower motif — Palace Style pithoid jar, Knossos",archaeological,Heraklion Archaeological Museum,unknown,papyrus_flower,floral,jar,Knossos,25G41,-1375,https://ca.heraklionmuseum.gr/ca/pawtucket/index.php/Detail/objects/289
ARC_VAS_002,Pithoid jar with palm trees_knoss_heraklionmuseum,ARC_VAS_002_CROP_01,ARC_VAS_002_palm_tree_01.jpg,"Palm tree motif — Pithoid jar with palm trees, Knossos",archaeological,Heraklion Archaeological Museum,unknown,palm_tree,vegetal,jar,Knossos,25G3(PALM-TREE),-1425,https://ca.heraklionmuseum.gr/ca/pawtucket/index.php/Detail/objects/957
FOR_TXT_012,matrice per stampa su tessuto D00473.jpeg,FOR_TXT_012_CROP_01,FOR_TXT_012_lily_group_01.jpg,"Lily group motif — Textile-printing matrix, inv. D00473",reception,Museum Fortuny,Mariano Fortuny,lily_group,floral,printing_matrix,Venice,25G41(LILY),1910,https://www.archiviodellacomunicazione.it/sicap/OpereArte/534378/?WEB=MuseiVE
FOR_TXT_001,M_0479_ThumbJpeg,FOR_TXT_001_CROP_02,FOR_TXT_001_flower_group_02.jpg,"Flower group motif — Fortuny textile, inv. M_0479",reception,Museum Fortuny,Mariano Fortuny,flowers_group,floral,proof_print,Venice,25G41,1910,https://www.archiviodellacomunicazione.it/sicap/OpereArte/512831/?WEB=MuseiVE
FOR_TXT_009,"M_Prova di stampa cartacea da matrice lignea, Mariano Fortuny, 1906 ca, Venezia, xilografia su carta, 40x27,5 cm, Museo Fortuny, inv. n. 00710.",FOR_TXT_009_CROP_01,FOR_TXT_009_papyrus_flower_01.jpg,"Papyrus flower motif — Paper proof from a woodblock matrix by Mariano Fortuny, ca. 1906, inv. 00710",reception,Museum Fortuny,Mariano Fortuny,papyrus_flower,floral,proof_print,Venice,25G41,1905,https://artsandculture.google.com/asset/print-sample-mariano-fortuny/0AHeTKuu8OEaGg?hl=en
FOR_SHAW_001,"Modello di scialle Knossos, 1910 ca.",FOR_SHAW_001_CROP_01,FOR_SHAW_001_lily_group_01.jpg,"Lily group motif — Model for a Knossos shawl, ca. 1910",reception,Manifattura Fortuny,Mariano Fortuny,lily_group,floral,shawl,Venice,25G41(LILY),1910,https://artsandculture.google.com/asset/model-for-the-knossos-scarf-mariano-fortuny/zwFwMjRZzZv99A?hl=en&ms=%7B%22x%22%3A0.5520507683483069%2C%22y%22%3A0.5480857211003844%2C%22z%22%3A9.653285241929117%2C%22size%22%3A%7B%22width%22%3A1.362510077166617%2C%22height%22%3A0.8745303633067729%7D%7D
FOR_SHAW_004,scialle 20 (Caloi).png,FOR_SHAW_004_CROP_01,FOR_SHAW_004_lily_group_01.jpg,Lily group motif — Shawl no. 20 (Caloi),reception,"I.Caloi, Modernità MinoicaL'Arte Egea e l'Art Nouveau: il Caso di Mariano Fortuny y Madrazo",Mariano Fortuny,lily_group,floral,shawl,Venice,25G41(LILY),1910,Copyright restricted. https://books.fupress.com/catalogue/modernit-minoicalarte-egea-e-lart-nouveau-il-caso-di-mariano-fortuny-y-madrazo/2161
FOR_SHAW_004,scialle 20 (Caloi).png,FOR_SHAW_004_CROP_02,FOR_SHAW_004_flowers_group_02.jpg,Flower group motif — Shawl no. 20 (Caloi),reception,"I.Caloi, Modernità MinoicaL'Arte Egea e l'Art Nouveau: il Caso di Mariano Fortuny y Madrazo",Mariano Fortuny,flowers_group,floral,shawl,Venice,25G41,1910,Copyright restricted. https://books.fupress.com/catalogue/modernit-minoicalarte-egea-e-lart-nouveau-il-caso-di-mariano-fortuny-y-madrazo/2161
FOR_SHAW_005,scialle 25 (Caloi).png,FOR_SHAW_005_CROP_01,FOR_SHAW_005_papyrus_flower_01.jpg,Papyrus flower motif — Shawl no. 25 (Caloi),reception,"I.Caloi, Modernità MinoicaL'Arte Egea e l'Art Nouveau: il Caso di Mariano Fortuny y Madrazo",Mariano Fortuny,papyrus_flower,floral,shawl,Venice,25G41,1910,Copyright restricted. https://books.fupress.com/catalogue/modernit-minoicalarte-egea-e-lart-nouveau-il-caso-di-mariano-fortuny-y-madrazo/2161
FOR_SHAW_006,Scialle 28 (Caloi).png,FOR_SHAW_006_CROP_02,FOR_SHAW_006_papyrus_flower_02.jpg,Papyrus flower motif — Shawl no. 28 (Caloi),reception,"I.Caloi, Modernità MinoicaL'Arte Egea e l'Art Nouveau: il Caso di Mariano Fortuny y Madrazo",Mariano Fortuny,papyrus_flower,floral,shawl,Venice,25G41,1910,Copyright restricted. https://books.fupress.com/catalogue/modernit-minoicalarte-egea-e-lart-nouveau-il-caso-di-mariano-fortuny-y-madrazo/2161
FOR_SHAW_008,scialle 22 Caloi.png,FOR_SHAW_008_CROP_02,FOR_SHAW_008_lily_group_02.jpg,Lily group motif — Shawl no. 22 (Caloi),reception,"I.Caloi, Modernità MinoicaL'Arte Egea e l'Art Nouveau: il Caso di Mariano Fortuny y Madrazo",Mariano Fortuny,lily_group,floral,shawl,Venice,25G41(LILY),1910,Copyright restricted. https://books.fupress.com/catalogue/modernit-minoicalarte-egea-e-lart-nouveau-il-caso-di-mariano-fortuny-y-madrazo/2161
FOR_SHAW_008,scialle 22 Caloi.png,FOR_SHAW_008_CROP_03,FOR_SHAW_008_flowers_group_03.jpg,Flower group motif — Shawl no. 22 (Caloi),reception,"I.Caloi, Modernità MinoicaL'Arte Egea e l'Art Nouveau: il Caso di Mariano Fortuny y Madrazo",Mariano Fortuny,flowers_group,floral,shawl,Venice,25G41,1910,Copyright restricted. https://books.fupress.com/catalogue/modernit-minoicalarte-egea-e-lart-nouveau-il-caso-di-mariano-fortuny-y-madrazo/2161
FLO_TXT_002,"Woven bag with Minoan lilies, 1945-1970, cotton, H 36 cm. Collection of Lyceum Club of Greek Women of Chania.jpg",FLO_TXT_002_CROP_01,FLO_TXT_002_lily_01.jpg,"Lily motif — Woven bag with Minoan lilies, 1945–1970",reception,Lyceum Club of Greek Women of Chania,Florentini Kaloutsi,lily,floral,textile,"Chania, Crete",25G41(LILY),1958,https://www.calameo.com/read/005741914ce2f186eda13
ARC_VAS_008,Double jug with lilies_knoss_heraklionmuseum,ARC_VAS_008_CROP_01,ARC_VAS_008_lily_group_01.jpg,"Lily group motif — Double jug with lilies, Knossos",archaeological,Heraklion Archaeological Museum,unknown,lily_group,floral,jug,Knossos,25G41(LILY),-1450,https://ca.heraklionmuseum.gr/ca/pawtucket/index.php/Detail/objects/121
ARC_VAS_008,Double jug with lilies_knoss_heraklionmuseum,ARC_VAS_008_CROP_02,ARC_VAS_008_lily_02.jpg,"Lily motif — Double jug with lilies, Knossos",archaeological,Heraklion Archaeological Museum,unknown,lily,floral,jug,Knossos,25G41(LILY),-1450,https://ca.heraklionmuseum.gr/ca/pawtucket/index.php/Detail/objects/121
ARC_VAS_012,"heraklionmuseum Double jug with decoration of crocuses and foliate bands Late Bronze Age. Neopalatial period,",ARC_VAS_012_CROP_01,ARC_VAS_012_crocus_group_01.jpg,Crocus group motif — Double jug with crocus and foliate decoration,archaeological,Heraklion Archaeological Museum,unknown,crocus_group,floral,jug,Poros,25G41(CROCUS),-1450,https://ca.heraklionmuseum.gr/ca/pawtucket/index.php/Detail/objects/182
ARC_VAS_018,heraklionmuseum Ritual jug with protrusions and painted decoration,ARC_VAS_018_CROP_01,ARC_VAS_018_papyrus_flower_01.jpg,Papyrus flower motif — Ritual jug with protrusions and painted decoration,archaeological,Heraklion Archaeological Museum,unknown,papyrus_flower,floral,jug,Katsambas,25G41,-1400,https://ca.heraklionmuseum.gr/ca/pawtucket/index.php/Detail/objects/766
FOR_TXT_011,Mariano Fortuny. matrice per stampa su tessuto,FOR_TXT_011_CROP_01,FOR_TXT_011_lily_group_01.jpg,Lily group motif — Textile-printing matrix by Mariano Fortuny,reception,Mariano Fortuny,Mariano Fortuny,lily_group,floral,printing_matrix,Venice,25G41(LILY),1910,https://www.archiviodellacomunicazione.it/sicap/OpereArte/512940/?WEB=MuseiVE
ARC_FRES_014,Akrotiri Spring Fresco.jpg,ARC_FRES_014_CROP_01,ARC_FRES_014_spring_01,"Lily branch motif — Spring Fresco, Akrotiri",archaeological,Wikimedia Commons,unknown,lily_group,floral,fresco,"Akrotiri, Thera",25G41(LILY),-1600,https://en.wikipedia.org/wiki/File:Akrotiri_Spring_Fresco.jpg
ARC_FRES_014,Akrotiri Spring Fresco.jpg,ARC_FRES_014_CROP_04,ARC_FRES_014_spring_04,"Lily group motif — Spring Fresco, Akrotiri",archaeological,Wikimedia Commons,unknown,lily_group,floral,fresco,"Akrotiri, Thera",25G41(LILY),-1600,https://en.wikipedia.org/wiki/File:Akrotiri_Spring_Fresco.jpg
FOR_DRESS_001,"caftan 1920-1929 Mariano Fortuny y Madrazo (Spanish, 1871–1949) 2003.15.jpg",FOR_DRESS_001_CROP_02,FOR_DRESS_001_floral_02.jpg,"Flower group motif — Caftan by Mariano Fortuny, 1920–1929",reception,Indianapolis Museum of Art Collection,Mariano Fortuny,flowers_group,floral,caftan,Unknown,25G41,1925,https://collections.discovernewfields.org/art/artwork/63765
BAK_DRESS_009,B_L'après-midi d'un faune by L.Bakst 04.jpg,BAK_DRESS_009_CROP_01,BAK_DRESS_009_wave_01.jpg,Spiral motif — Costume design for L’Après-midi d’un faune by Léon Bakst,reception,Wikimedia Commons,Léon Bakst,spiral,geometric,costume_design,France\Russia,48A98133,1912,https://commons.wikimedia.org/wiki/File:L%27apr%C3%A8s-midi_d%27un_faune_by_L.Bakst_04.jpg
BOOK_003,"Place of minos at knossos vol.1 by Evans, Arthur-303",BOOK_003_CROP_01,BOOK_003_four_spirals_01.jpg,"Spiral group motif — The Palace of Minos at Knossos, vol. 1, p. 303",publication,"Arthur Evans, Place of Minos at Knossos vol.1",,spiral_group,geometric,book_illustration,Knossos,48A98133,1921,https://archive.org/details/in.gov.ignca.6667/page/257/mode/2up
BOOK_003,"Place of minos at knossos vol.1 by Evans, Arthur-303",BOOK_003_CROP_02,BOOK_003_spiral_02.jpg,"Spiral motif — The Palace of Minos at Knossos, vol. 1, p. 303",publication,"Arthur Evans, Place of Minos at Knossos vol.1",unknown,spiral,geometric,book_illustration,Knossos,48A98133,1921,https://archive.org/details/in.gov.ignca.6667/page/257/mode/2up
BOOK_017,The prehistoric tombs of Knossos-167,BOOK_017_CROP_01,BOOK_017_spiral_wave_01.jpg,"Spiral motif — The Prehistoric Tombs of Knossos, p. 167",publication,"Arthur Evans, The prehistoric tombs of Knossos",,spiral,geometric,book_illustration,Knossos,48A98133,1906,https://archive.org/details/prehistorictombs00evan/page/141/mode/1up
BOOK_029,"Archaeology Of Crete Introduction by Pendlebury, J.d.s-240.tiff",BOOK_029_CROP_04,BOOK_029_spiral_04.jpg,"Spiral motif — J. D. S. Pendlebury, Archaeology of Crete: An Introduction, p. 240",publication,"Archaeology Of Crete. Introduction, J.d.s. Pendlebury ",,spiral,geometric,book_illustration,Crete,48A98133,1939,https://archive.org/details/in.ernet.dli.2015.529784/page/n240/mode/1up
BOOK_029,"Archaeology Of Crete Introduction by Pendlebury, J.d.s-240.tiff",BOOK_029_CROP_05,BOOK_029_spiral_05.jpg,"Spiral motif — J. D. S. Pendlebury, Archaeology of Crete: An Introduction, p. 240",publication,"Archaeology Of Crete. Introduction, J.d.s. Pendlebury ",,spiral,geometric,book_illustration,Crete,48A98133,1939,https://archive.org/details/in.ernet.dli.2015.529784/page/n240/mode/1up
BOOK_040,"epublished in Evans 1921-3 vol. 1, p. 185, fig. 134b; Evans 1921–35, vol. 2, p. 241, fig. 121a.png",BOOK_040_CROP_01,BOOK_040_spiral_wave_01.jpg,"Spiral motif — Illustration reproduced in Evans, The Palace of Minos",publication,"Arthur Evans, Place of Minos at Knossos vol.1",,spiral,geometric,book_illustration,,48A98133,1921,https://archive.org/details/in.gov.ignca.6667/page/185/mode/1up
BAK_DRESS_015,Bakst Faun.jpg,BAK_DRESS_015_CROP_01,BAK_DRESS_015_wave_01.jpg,Spiral motif — Costume design for L’Après-midi d’un faune by Léon Bakst,reception,Wikimedia Commons,Léon Bakst,spiral,geometric,costume_design,France\Russia,48A98133,1912,https://commons.wikimedia.org/wiki/File:Bakst_Faun.jpg
BAK_DRESS_006,B_L'après-midi d'un faune by L.Bakst 02.jpg,BAK_DRESS_006_CROP_01,BAK_DRESS_006_spiral_01.jpg,Spiral motif — Costume design for L’Après-midi d’un faune by Léon Bakst,reception,Wikimedia Commons,Léon Bakst,spiral,geometric,costume_design,France\Russia,48A98133,1912,https://commons.wikimedia.org/wiki/File:L%27apr%C3%A8s-midi_d%27un_faune_by_L.Bakst_02.jpg
BAK_DRESS_009,B_L'après-midi d'un faune by L.Bakst 04.jpg,BAK_DRESS_009_CROP_02,BAK_DRESS_009_wave_02.jpg,Spiral motif — Costume design for L’Après-midi d’un faune by Léon Bakst,reception,Wikimedia Commons,Léon Bakst,spiral,geometric,costume_design,France\Russia,48A98133,1912,https://commons.wikimedia.org/wiki/File:L%27apr%C3%A8s-midi_d%27un_faune_by_L.Bakst_04.jpg
BAK_DRESS_011,B_Phaedra (Bakst) 14.jpg,BAK_DRESS_011_CROP_01,BAK_DRESS_011_spiral_01.jpg,Spiral motif — Costume design for Phèdre by Léon Bakst,reception,Wikimedia Commons,Léon Bakst,spiral,geometric,costume_design,France\Russia,48A98133,1923,https://commons.wikimedia.org/wiki/File:Phaedra_(Bakst)_14.jpg
FAS_DRESS_012,Figure 23 Dress inspired by the Thera frescoes created by Karl Lagerfeld for the Chloé spring-summer 1994 collection (photo courtesy of Chloé) aegom p57.png,FAS_DRESS_012_CROP_01,FAS_DRESS_012_spiral_01.jpg,"Spiral group motif — Dress inspired by the Thera frescoes, Chloé Spring–Summer 1994",reception,Chloé SS1994,Karl Lagerfeld / Chloé SS1994,spiral_group,geometric,dress,"Paris, France",48A98133,1994,https://www.1stdibs.com/fashion/clothing/evening-dresses/1970s-chloe-hand-painted-maxi-dress-runway-worn/id-v_1397273/?utm_source=Pinterest&utm_medium=organic&epik=dj0yJnU9ZTUwZG9xTjJTblVITjk0ZVU3THdsdVViaERYQ01vc00mcD0wJm49dmxRcWtzYWJsSllpaDI1ei1CMWEzQSZ0PUFBQUFBR3FGa0FB
FAS_DRESS_015,Karl -3 screeshot from video (dress).png,FAS_DRESS_015_CROP_01,FAS_DRESS_015_spiral_01.jpg,Spiral group motif — Dress from the Chloé Spring–Summer 1994 collection,reception,Chloé SS1994,Karl Lagerfeld / Chloé SS1994,spiral_group,geometric,dress,"Paris, France",48A98133,1994, https://www.youtube.com/watch?v=O3YIZ2PAt6I
ARC_VAS_004,Stirrup jar with decoration in the Special Palatial Tradition_heraklionmuseum,ARC_VAS_004_CROP_01,ARC_VAS_004_spiral_01.jpg,Spiral group motif — Stirrup jar with decoration in the Special Palatial Tradition,archaeological,Heraklion Archaeological Museum,unknown,spiral_group,geometric,jar,Zakros,48A98133,-1475,https://ca.heraklionmuseum.gr/ca/pawtucket/index.php/Detail/objects/116
ARC_VAS_025,Ovoid rhyton_knoss_heraklionmuseum,ARC_VAS_025_CROP_01,ARC_VAS_025_spiral_01.jpg,"Spiral motif — Ovoid rhyton, Knossos",archaeological,Heraklion Archaeological Museum,unknown,spiral,geometric,rhyton,Knossos,48A98133,-1475,https://ca.heraklionmuseum.gr/ca/pawtucket/index.php/Detail/objects/810
BOOK_010,The prehistoric tombs of Knossos-077,BOOK_010_CROP_02,BOOK_010_spiral_02.jpg,"Spiral motif — The Prehistoric Tombs of Knossos, p. 77",publication,"The prehistoric tombs of Knossos, A. Evans",,spiral,geometric,book_illustration,Knossos,48A98133,1906,https://archive.org/details/prehistorictombs00evan/page/67/mode/1up
BOOK_011,The prehistoric tombs of Knossos-079,BOOK_011_CROP_01,BOOK_011_spiral_01.jpg,"Spiral motif — The Prehistoric Tombs of Knossos, p. 79",publication,"The prehistoric tombs of Knossos, A. Evans",,spiral,geometric,book_illustration,Knossos,48A98133,1906,https://archive.org/details/prehistorictombs00evan/page/69/mode/1up
ARC_VAS_003,Pyxis-shaped vessel_heraklionmuseum,ARC_VAS_003_CROP_02,ARC_VAS_003_vegetal_02.jpg,Heart-shaped leaf motif — Pyxis-shaped vessel,archaeological,Heraklion Archaeological Museum,unknown,heart_shaped_leaf,vegetal,vessel,Pseira,25G4,-1475,https://ca.heraklionmuseum.gr/ca/pawtucket/index.php/Detail/objects/279
BOOK_043,"Fig. 6а Frammento di vaso da Micene (Springer, Ricci 1904 tav. IV, 1). Caloi 6a.png",BOOK_043_CROP_02,BOOK_043_vegetal_02.jpg,"Heart-shaped leaf motif — Fragment of a Mycenaean vessel (Springer and Ricci 1904, pl. IV.1)",publication,"Springer / Ricci / I.Caloi, Modernità MinoicaL'Arte Egea e l'Art Nouveau: il Caso di Mariano Fortuny y Madrazo",,heart_shaped_leaf,vegetal,book_illustration,Mycenae,25G4,1904,Copyright restricted. https://books.fupress.com/catalogue/modernit-minoicalarte-egea-e-lart-nouveau-il-caso-di-mariano-fortuny-y-madrazo/2161
BOOK_028,"Archaeology Of Crete Introduction by Pendlebury, J.d.s-237.tiff",BOOK_028_CROP_02,BOOK_028_argonaut_02.jpg,"Argonaut motif — J. D. S. Pendlebury, Archaeology of Crete: An Introduction, p. 237",publication,"Archaeology Of Crete. Introduction, J.d.s. Pendlebury ",,argonaut,marine,book_illustration,Crete,25F72(NAUTILUS),1939,https://archive.org/details/in.ernet.dli.2015.529784/page/n237/mode/1up
BOOK_019,The prehistoric tombs of Knossos-187,BOOK_019_CROP_01,BOOK_019_octopus_01.jpg,"Octopus motif — The Prehistoric Tombs of Knossos, p. 187",publication,"The prehistoric tombs of Knossos, A. Evans",,octopus,marine,book_illustration,Knossos,25F72(OCTOPUS),1906,https://archive.org/details/prehistorictombs00evan/page/n186/mode/1up
BOOK_014,The prehistoric tombs of Knossos-108,BOOK_014_CROP_01,BOOK_014_octopus_01.jpg,"Octopus motif — The Prehistoric Tombs of Knossos, p. 108",publication,"The prehistoric tombs of Knossos, A. Evans",,octopus,marine,book_illustration,Knossos,25F72(OCTOPUS),1906,https://archive.org/details/prehistorictombs00evan/page/96/mode/1up
BOOK_022,"Figura 1.Vaso piriforme con motivi marini da Haghia Triada (Mosso 1907 116, fig. 62).jpg",BOOK_022_CROP_01,BOOK_022_argonaut_01.jpg,"Murex shell motif — Piriform vessel with marine motifs from Haghia Triada (Mosso 1907, fig. 62)",publication,"Escursioni nel Mediterraneo e gli scavi di Creta, Mosso, A.1907.",,murex_shell,marine,book_illustration,,25F72(MUREX),1907,https://archive.org/details/escursioninelmed00mossuoft/page/116/mode/1up
BOOK_028,"Archaeology Of Crete Introduction by Pendlebury, J.d.s-237.tiff",BOOK_028_CROP_01,BOOK_028_murex_shell_01.jpg,"Murex shell motif — J. D. S. Pendlebury, Archaeology of Crete: An Introduction, p. 237",publication,"Archaeology Of Crete. Introduction, J.d.s. Pendlebury ",,murex_shell,marine,book_illustration,Crete,25F72(MUREX),1939,https://archive.org/details/in.ernet.dli.2015.529784/page/n237/mode/1up
BOOK_030,"Archaeology Of Crete Introduction by Pendlebury, J.d.s-277.tiff",BOOK_030_CROP_01,BOOK_030_octopus_01.jpg,"Octopus motif — J. D. S. Pendlebury, Archaeology of Crete: An Introduction, p. 277",publication,"Archaeology Of Crete. Introduction, J.d.s. Pendlebury ",,octopus,marine,book_illustration,Crete,25F72(OCTOPUS),1939,https://archive.org/details/in.ernet.dli.2015.529784/page/n277/mode/1up
BOOK_036,"Evans, Arthur J__ The Palace of Minos_shells",BOOK_036_CROP_01,BOOK_036_argonaut_01.jpg,"Argonaut motif — Illustration reproduced in Evans, The Palace of Minos",publication,"Arthur Evans, Place of Minos at Knossos vol.1",,argonaut,marine,book_illustration,Knossos,25F72(NAUTILUS),1935,"https://digi.ub.uni-heidelberg.de/diglit/evans1935/0172/image,info"
BOOK_049,"Fig. 6b Alabastron minoico dall'Egitto dal libro di Perrot e Chipiez posseduto da Fortuny (Perrot, Chipiez 1894 925, fig. 476).png",BOOK_049_CROP_01,BOOK_049_argonaut_01.jpg,"Argonaut motif — Minoan alabastron from Egypt (Perrot and Chipiez 1894, fig. 476)",publication,"Histoire de l’art dans l’antiquité, vol. VI: La Grèce primitive: l’art
Mycénien, Perrot, G., Chipiez, C. 1894. ",,argonaut,marine,book_illustration,,25F72(NAUTILUS),1894,https://archive.org/details/historyofartinpr02perr_1/page/387/mode/1up
FOR_DRESS_001,"caftan 1920-1929 Mariano Fortuny y Madrazo (Spanish, 1871–1949) 2003.15.jpg",FOR_DRESS_001_CROP_01,FOR_DRESS_001_argonaut_01.jpg,"Argonaut motif — Caftan by Mariano Fortuny, 1920–1929",reception,Indianapolis Museum of Art Collection,Mariano Fortuny,argonaut,marine,caftan,Venice,25F72(NAUTILUS),1925,https://collections.discovernewfields.org/art/artwork/63765
FOR_DRESS_005,"Ensemble dress, wrap, and belt, Delphos ca. 1920 Mariano Fortuny y Madrazo Accession Number 1986.96.2a-c de Young Museum.jpeg",FOR_DRESS_005_CROP_01,FOR_DRESS_005_aurgonat_01.jpg,"Argonaut motif — Delphos ensemble by Mariano Fortuny, ca. 1920",reception,de Young Museum,Mariano Fortuny,argonaut,marine,dress,Venice,25F72(NAUTILUS),1920,https://www.famsf.org/artworks/ensemble-dress-wrap-and-belt-delphos
FOR_DRESS_006,Tunica 48 (Caloi).png,FOR_DRESS_006_CROP_02,FOR_DRESS_006_murex_shell_02.jpg,Murex shell motif — Tunic no. 48 (Caloi),reception,"I.Caloi, Modernità MinoicaL'Arte Egea e l'Art Nouveau: il Caso di Mariano Fortuny y Madrazo",Mariano Fortuny,murex_shell,marine,tunica,Venice,25F72(MUREX),1920,Copyright restricted. https://books.fupress.com/catalogue/modernit-minoicalarte-egea-e-lart-nouveau-il-caso-di-mariano-fortuny-y-madrazo/2161
ARC_VAS_005,Stirrup jar_knoss_heraklionmuseum,ARC_VAS_005_CROP_01,ARC_VAS_005_octopus_01.jpg,"Octopus motif — Stirrup jar, Knossos",archaeological,Heraklion Archaeological Museum,unknown,octopus,marine,jar,Knossos,25F72(OCTOPUS),-1300,https://ca.heraklionmuseum.gr/ca/pawtucket/index.php/Detail/objects/1019
ARC_VAS_006,"Terracotta stirrup jar with octopus Helladic, Mycenaean ca. 1200–1100 BCE ",ARC_VAS_006_CROP_01,ARC_VAS_006_octopus_01.jpg,"Octopus motif — Terracotta stirrup jar with octopus Helladic, Mycenaean ca. 1200–1100 BCE",archaeological,Metropolitan Museum of Art,unknown,octopus,marine,jar,"Helladic, Mycenaean",25F72(OCTOPUS),-1150,https://www.metmuseum.org/art/collection/search/254779
FOR_TXT_006,"Matrice di stampa in tela cerata, Manifattura Fortuny, 1910, Venezia, 33x121,5 cm, Museo Fortuny, inv. 121d.-2",FOR_TXT_006_CROP_01,FOR_TXT_006_murex_shell_01.jpg,"Murex shell motif — Waxed-canvas printing matrix, Manifattura Fortuny, 1910, inv. 121d",reception,Museum Fortuny,Mariano Fortuny,murex_shell,marine,printing_matrix,Venice,25F72(MUREX),1910,https://www.archiviodellacomunicazione.it/sicap/OpereArte/512795/?WEB=MuseiVE
FOR_TXT_006,"Matrice di stampa in tela cerata, Manifattura Fortuny, 1910, Venezia, 33x121,5 cm, Museo Fortuny, inv. 121d.-2",FOR_TXT_006_CROP_02,FOR_TXT_006_murex_shell_02.jpg,"Murex shell motif — Waxed-canvas printing matrix, Manifattura Fortuny, 1910, inv. 121d",reception,Museum Fortuny,Mariano Fortuny,murex_shell,marine,printing_matrix,Venice,25F72(MUREX),1910,https://www.archiviodellacomunicazione.it/sicap/OpereArte/512795/?WEB=MuseiVE
FOR_TXT_008,"M_Prova di stampa cartacea da matrice lignea, Mariano Fortuny, 1906 ca, Venezia, xilografia su carta, 40x27,5 cm, Museo Fortuny, inv. n. 00707.",FOR_TXT_008_CROP_01,FOR_TXT_008_argonaut_01.jpg,"Argonaut motif — Paper proof from a woodblock matrix by Mariano Fortuny, ca. 1906, inv. 00707",reception,Museum Fortuny,Mariano Fortuny,argonaut,marine,proof_print,Venice,25F72(NAUTILUS),1906,https://artsandculture.google.com/asset/print-sample-mariano-fortuny/swHGKpW15DH8qg?hl=en
ARC_OBJ_006,heraklionmuseum Clay Marine Style rhyton Heraklion,ARC_OBJ_006_CROP_02,ARC_OBJ_006_shell_02.jpg,Murex shell motif — Marine Style clay rhyton,archaeological,Heraklion Archaeological Museum,unknown,murex_shell,marine,rhyton,Zakros,25F72(MUREX),-1475,https://ca.heraklionmuseum.gr/ca/pawtucket/index.php/Detail/objects/167
ARC_OBJ_008,heraklionmuseum Marine Style rhyton,ARC_OBJ_008_CROP_01,ARC_OBJ_008_octopus_01.jpg,Octopus motif — Marine Style rhyton,archaeological,Heraklion Archaeological Museum,unknown,octopus,marine,rhyton,Palaikastro,25F72(OCTOPUS),-1475,https://ca.heraklionmuseum.gr/ca/pawtucket/index.php/Detail/objects/755
FOR_SHAW_003,"Mariano Fortuny Modello di scialle Knossos, 1910 ca. Archivi Museo Fortuny(35 caloi scialle)",FOR_SHAW_003_CROP_01,FOR_SHAW_003_octopus_01.jpg,"Octopus motif — Model for a Knossos shawl by Mariano Fortuny, ca. 1910",reception,Museum Fortuny,Mariano Fortuny,octopus,marine,shawl,Venice,25F72(OCTOPUS),1910,https://artsandculture.google.com/asset/model-for-the-knossos-scarf-mariano-fortuny/zwFwMjRZzZv99A?hl=en&ms=%7B%22x%22%3A0.5520507683483069%2C%22y%22%3A0.5480857211003844%2C%22z%22%3A9.653285241929117%2C%22size%22%3A%7B%22width%22%3A1.362510077166617%2C%22height%22%3A0.8745303633067729%7D%7D
ARC_VAS_009,Flask with octopus and seabed in the Marine Style_heraklionmuseum,ARC_VAS_009_CROP_01,ARC_VAS_009_octopus_01.jpg,Octopus motif — Flask with octopus and seabed in the Marine Style,archaeological,Heraklion Archaeological Museum,unknown,octopus,marine,vessel,Palaikastro,25F72(OCTOPUS),-1475,https://ca.heraklionmuseum.gr/ca/pawtucket/index.php/Detail/objects/238
ARC_VAS_011,heraklionmuseum Clay goblet with Marine Style decoration,ARC_VAS_011_CROP_01,ARC_VAS_011_murex_shell_01.jpg,Murex shell motif — Clay goblet with Marine Style decoration,archaeological,Heraklion Archaeological Museum,unknown,murex_shell,marine,goblet,Knossos,25F72(MUREX),-1475,https://ca.heraklionmuseum.gr/ca/pawtucket/index.php/Detail/objects/224
ARC_VAS_011,heraklionmuseum Clay goblet with Marine Style decoration,ARC_VAS_011_CROP_02,ARC_VAS_011_argonaut_02.jpg,Argonaut motif — Clay goblet with Marine Style decoration,archaeological,Heraklion Archaeological Museum,unknown,argonaut,marine,goblet,Knossos,25F72(NAUTILUS),-1475,https://ca.heraklionmuseum.gr/ca/pawtucket/index.php/Detail/objects/224
ARC_VAS_014,heraklionmuseum Jug with relief and painted Marine Style decoration,ARC_VAS_014_CROP_01,ARC_VAS_014_argonaut_01.jpg,Argonaut motif — Jug with relief and painted Marine Style decoration,archaeological,Heraklion Archaeological Museum,unknown,argonaut,marine,jug,Poros,25F72(NAUTILUS),-1475,https://ca.heraklionmuseum.gr/ca/pawtucket/index.php/Detail/objects/190
ARC_VAS_019,heraklionmuseum Small bridge-spouted kados with Marine Style decoration,ARC_VAS_019_CROP_01,ARC_VAS_019_murex_shell_01.jpg,Murex shell motif — Small bridge-spouted kados with Marine Style decoration,archaeological,Heraklion Archaeological Museum,unknown,murex_shell,marine,vessel,Nirou Chani,25F72(MUREX),-1475,https://ca.heraklionmuseum.gr/ca/pawtucket/index.php/Detail/objects/296
ARC_VAS_021,Marine Style stirrup jar_heraklionmuseum,ARC_VAS_021_CROP_01,ARC_VAS_021_octopus_01.jpg,Octopus motif — Marine Style stirrup jar,archaeological,Heraklion Archaeological Museum,unknown,octopus,marine,jar,Gournia,25F72(OCTOPUS),-1475,https://ca.heraklionmuseum.gr/ca/pawtucket/index.php/Detail/objects/206
ARC_VAS_024,Marine Style rhyton in the Special Palatial Tradition_heraklionmuseum,ARC_VAS_024_CROP_01,ARC_VAS_024_argonaut_01.jpg,Argonaut motif — Marine Style rhyton in the Special Palatial Tradition,archaeological,Heraklion Archaeological Museum,unknown,argonaut,marine,rhyton,Phaistos,25F72(NAUTILUS),-1475,https://ca.heraklionmuseum.gr/ca/pawtucket/index.php/Detail/objects/810
ARC_OBJ_004,"Clay chest larnax with papyri, waterfowl and fish_heraklionmuseum",ARC_OBJ_004_CROP_01,ARC_OBJ_004_papyrus_flower_01.jpg,"Papyrus flower motif — Clay chest larnax with papyri, waterfowl, and fish",archaeological,Heraklion Archaeological Museum,unknown,papyrus_flower,floral,larnax,Vassilika Anogia,25G41,-1335,https://ca.heraklionmuseum.gr/ca/pawtucket/index.php/Detail/objects/137
ARC_OBJ_004,"Clay chest larnax with papyri, waterfowl and fish_heraklionmuseum",ARC_OBJ_004_CROP_02,ARC_OBJ_004_papyrus_flower_02.jpg,"Papyrus flower motif — Clay chest larnax with papyri, waterfowl, and fish",archaeological,Heraklion Archaeological Museum,unknown,papyrus_flower,floral,larnax,Vassilika Anogia,25G41,-1335,https://ca.heraklionmuseum.gr/ca/pawtucket/index.php/Detail/objects/137
ARC_OBJ_002,The Hagia Triada Sarcophagus heraklionmuseum,ARC_OBJ_002_CROP_01,ARC_OBJ_002_spiral_01.jpg,Spiral group motif — Hagia Triada Sarcophagus,archaeological,Heraklion Archaeological Museum,unknown,spiral_group,geometric,sarcophagus,Hagia Triada,48A98133,-1345,https://heraklionmuseum.gr/en/exhibit/the-hagia-triada-sarcophagus/
ARC_VAS_018,heraklionmuseum Ritual jug with protrusions and painted decoration,ARC_VAS_018_CROP_02,ARC_VAS_018_argonaut_02.jpg,Argonaut motif — Ritual jug with protrusions and painted decoration,archaeological,Heraklion Archaeological Museum,unknown,argonaut,marine,jug,Katsambas,25F72(NAUTILUS),-1550,https://ca.heraklionmuseum.gr/ca/pawtucket/index.php/Detail/objects/766
BOOK_030,"Archaeology Of Crete Introduction by Pendlebury, J.d.s-277.tiff",BOOK_030_CROP_02,BOOK_030_octopus_02.jpg,"Octopus motif — J. D. S. Pendlebury, Archaeology of Crete: An Introduction, p. 277",publication,"Archaeology Of Crete. Introduction, J.d.s. Pendlebury ",,octopus,marine,book_illustration,Crete,25F72(OCTOPUS),1939,https://archive.org/details/in.ernet.dli.2015.529784/page/n277/mode/1up
ARC_OBJ_005,heraklionmuseum Basket-shaped rhyton with decoration in the Special Palatial Tradition,ARC_OBJ_005_CROP_02,ARC_OBJ_005_double_axe_02.jpg,Double-axe motif — Basket-shaped rhyton with decoration in the Special Palatial Tradition,archaeological,Heraklion Archaeological Museum,unknown,double_axe,symbolic,rhyton,Pseira,47D8(AXE),-1475,https://ca.heraklionmuseum.gr/ca/pawtucket/index.php/Detail/objects/753
BAK_DRESS_010,B_Phaedra  Six Suppliantes Projet de costume pour Fedra Collection Centre Pompidou.png,BAK_DRESS_010_CROP_02,BAK_DRESS_010_double_axe_02.jpg,"Double-axe motif — Costume design for Phèdre, Centre Pompidou",reception,Centre Pompidou,Léon Bakst,double_axe,symbolic,costume_design,France\Russia,47D8(AXE),1923,https://www.centrepompidou.fr/fr/ressources/oeuvre/cRRLqxk
FLO_TXT_001,"Design for woven fabric with Minoan double-headed axe motif, 1924-1940 paper, 37,5 × 40,5 cm. Archive of patterns by Florentini Kaloutsis, Lyceum Club of Greek Women of Chania..jpg",FLO_TXT_001_CROP_01,FLO_TXT_001_double_axe_01.jpg,"Double-axe motif — Design for woven fabric with a Minoan double-axe motif, 1924–1940",reception,Florentini Kaloutsis / Lyceum Club of Greek Women of Chania,Florentini Kaloutsi,double_axe,symbolic,textile,"Chania, Crete",47D8(AXE),1932,https://www.calameo.com/read/005741914ce2f186eda13
ARC_VAS_016,"heraklionmuseum Palace Style pithoid jar , Late Minoan IB period",ARC_VAS_016_CROP_02,ARC_VAS_016_double_axe_02.jpg,"Double-axe motif — Palace Style pithoid jar, Late Minoan IB",archaeological,Heraklion Archaeological Museum,unknown,double_axe,symbolic,jar,Knossos,47D8(AXE),-1490,https://ca.heraklionmuseum.gr/ca/pawtucket/index.php/Detail/objects/289
BOOK_043,"Fig. 6а Frammento di vaso da Micene (Springer, Ricci 1904 tav. IV, 1). Caloi 6a.png",BOOK_043_CROP_01,BOOK_043_heart_shaped_leaf_01.jpg,"Heart-shaped leaf motif — Fragment of a Mycenaean vessel (Springer and Ricci 1904, pl. IV.1)",publication,"Springer / Ricci / I.Caloi, Modernità MinoicaL'Arte Egea e l'Art Nouveau: il Caso di Mariano Fortuny y Madrazo",,heart_shaped_leaf,vegetal,book_illustration,Mycenae,25G4,1904,Copyright restricted. https://books.fupress.com/catalogue/modernit-minoicalarte-egea-e-lart-nouveau-il-caso-di-mariano-fortuny-y-madrazo/2161
BOOK_002,"Place of minos at knossos vol.1 by Evans, Arthur-300",BOOK_002_CROP_01,BOOK_002_palm_tree_01.jpg,"Palm tree motif — The Palace of Minos at Knossos, vol. 1, p. 300",publication,"Arthur Evans, Place of Minos at Knossos vol.1",,palm_tree,vegetal,book_illustration,Knossos,25G3(PALM-TREE),1921,https://archive.org/details/in.gov.ignca.6667/page/253/mode/2up
BOOK_005,"Place of minos at knossos vol.1 by Evans, Arthur-604",BOOK_005_CROP_01,BOOK_005_ivy_01.jpg,"Paired ivy sprigs motif — The Palace of Minos at Knossos, vol. 1, p. 604",publication,"Arthur Evans, Place of Minos at Knossos vol.1",,double_ivy_sprigs,vegetal,book_illustration,Knossos,25G4(IVY),1921,https://archive.org/details/in.gov.ignca.6667/page/537/mode/2up
BOOK_018,The prehistoric tombs of Knossos-186,BOOK_018_CROP_01,BOOK_018_heart_shaped_leaf_01.jpg,"Heart-shaped leaf motif — The Prehistoric Tombs of Knossos, p. 186",publication,"The prehistoric tombs of Knossos, A. Evans",,heart_shaped_leaf,vegetal,book_illustration,Knossos,25G4,1906,https://archive.org/details/prehistorictombs00evan/page/156/mode/1up
BOOK_021,The prehistoric tombs of Knossos-192,BOOK_021_CROP_01,BOOK_021_papyrus_like_leaf_01.jpg,"Papyrus flower motif — The Prehistoric Tombs of Knossos, p. 192",publication,"The prehistoric tombs of Knossos, A. Evans",,papyrus_flower,vegetal,book_illustration,Knossos,25G41,1906,https://archive.org/details/prehistorictombs00evan/page/158/mode/1up
BOOK_008,"Place of minos at knossos vol.1 by Evans, Arthur-678",BOOK_008_CROP_01,BOOK_008_bean_leaves_01.jpg,"Bean-leaf motif — The Palace of Minos at Knossos, vol. 1, p. 678",publication,"Arthur Evans, Place of Minos at Knossos vol.1",,bean_leaves,vegetal,book_illustration,Knossos,25G4,1921,https://archive.org/details/in.gov.ignca.6667/page/605/mode/2up
BOOK_027,"Archaeology Of Crete Introduction by Pendlebury, J.d.s-233.tiff",BOOK_027_CROP_03,BOOK_027_heart_shaped_leaf_03.jpg,"Heart-shaped leaf motif — J. D. S. Pendlebury, Archaeology of Crete: An Introduction, p. 233",publication,"Archaeology Of Crete. Introduction, J.d.s. Pendlebury ",,heart_shaped_leaf,vegetal,book_illustration,Crete,25G4,1939,https://archive.org/details/in.ernet.dli.2015.529784/page/n233/mode/1up
BOOK_028,"Archaeology Of Crete Introduction by Pendlebury, J.d.s-237.tiff",BOOK_028_CROP_04,BOOK_028_heart_shaped_leaf_04.jpg,"Heart-shaped leaf motif — J. D. S. Pendlebury, Archaeology of Crete: An Introduction, p. 237",publication,"Archaeology Of Crete. Introduction, J.d.s. Pendlebury ",,heart_shaped_leaf,vegetal,book_illustration,Crete,25G4,1939,https://archive.org/details/in.ernet.dli.2015.529784/page/n237/mode/1up
BOOK_028,"Archaeology Of Crete Introduction by Pendlebury, J.d.s-237.tiff",BOOK_028_CROP_05,BOOK_028_palm_like_tree_05.jpg,"Palm tree motif — J. D. S. Pendlebury, Archaeology of Crete: An Introduction, p. 237",publication,"Archaeology Of Crete. Introduction, J.d.s. Pendlebury ",,palm_tree,vegetal,book_illustration,Crete,25G3(PALM-TREE),1939,https://archive.org/details/in.ernet.dli.2015.529784/page/n237/mode/1up
BOOK_029,"Archaeology Of Crete Introduction by Pendlebury, J.d.s-240.tiff",BOOK_029_CROP_03,BOOK_029_heart_shaped_leaf_03.jpg,"Heart-shaped leaf motif — J. D. S. Pendlebury, Archaeology of Crete: An Introduction, p. 240",publication,"Archaeology Of Crete. Introduction, J.d.s. Pendlebury ",,heart_shaped_leaf,vegetal,book_illustration,Crete,25G4,1939,https://archive.org/details/in.ernet.dli.2015.529784/page/n240/mode/1up
BOOK_037,Luigi Pernier_scavi della missione italiana a phaestos 1900-1901,BOOK_037_CROP_01,BOOK_037_heart_shaped_palm_01.jpg,"Heart-shaped palm motif — Luigi Pernier, Scavi della missione italiana a Phaestos, 1900–1901",publication,"Scavi della missione italiana a Phaestos: 1900-1901, L.Pernier",,heart_shaped_palm,vegetal,book_illustration,Phaistos,25G3(PALM-TREE),1902,"https://digi.ub.uni-heidelberg.de/diglit/monant1902/0067/image,info,text_ocr"
BOOK_038,Tra_l_antico_e_il_moderno_dalle_produzio-15_Figura 2. Frammento dell'«Affresco del Gatto» di Haghia Triada (Halbherr 1903 tav. IX).jpg,BOOK_038_CROP_01,BOOK_038_ivy_01.jpg,"Climbing ivy motif — Fragment of the Cat Fresco, Haghia Triada (Halbherr 1903, pl. IX)",publication,"Halbherr, F. / I.Caloi, ‘Tra l’antico e il moderno: dalle produzioni artistiche di Haghia Triada agli «scialli Knossos» di Mariano Fortuny y Madrazo’",,climbing_ivy,vegetal,book_illustration,,25G4(IVY),1903,https://www.academia.edu/2441552/Tra_l_antico_e_il_moderno_dalle_produzioni_artistiche_di_Haghia_Triada_agli_scialli_Knossos_di_Mariano_Fortuny_y_Madrazo_in_MUSINT_Le_collezioni_archeologiche_egee_e_cipriote_in_Toscana_Ricerche_ed_esperienze_di_museologia_interattiva_Periploi_4_Firenze_2011_pp_187_202
BOOK_042,Fig. 123. -Mycenaean Vase of comparatively Early Style from Phylakopi2 (1  3) edgar p 166.png,BOOK_042_CROP_01,BOOK_042_heart_shaped_leaf_01.jpg,"Heart-shaped leaf motif — Mycenaean vase from Phylakopi (Edgar 1904, fig. 123)",publication,"Edgar C. in Excavations at Phylakopi in Melos, conducted by the British School at Athens, described by T.D. Atkinson",,heart_shaped_leaf,vegetal,book_illustration,Phylakopi,25G4,1904,https://archive.org/details/excavationsatphy00brituoft/page/146/mode/1up
BAK_DRESS_021,Costume for a nymph NGA 1973.270.118.png,BAK_DRESS_021_CROP_01,BAK_DRESS_021_ivy_01.jpg,Paired ivy sprigs motif — Costume for a Nymph by Léon Bakst,reception,National Gallery of Australia,Léon Bakst,double_ivy_sprigs,vegetal,costume,France\Russia,25G4(IVY),1911,https://digital.nga.gov.au/archive/exhibition/balletsrusses/default.cfm%3Firn=107452&bioartistirn=19455&mnuid=3&galid=14&viewid=2.html
BAK_DRESS_023,Daphnis et Chloe bakst victoria and albert.jpg,BAK_DRESS_023_CROP_01,BAK_DRESS_023_ivy_01.jpg,Paired ivy sprigs motif — Theatre costume for Daphnis and Chloe by Léon Bakst,reception,The Victoria and Albert Museum ,Léon Bakst,double_ivy_sprigs,vegetal,costume,France\Russia,25G4(IVY),1912,https://collections.vam.ac.uk/item/O1114654/theatre-costume/
BAK_DRESS_032,Theatre costume ca. 1912 (made) Daphnis and Chloe браун.jpg,BAK_DRESS_032_CROP_01,BAK_DRESS_032_papyrus_like_leaf_01.jpg,"Papyrus flower motif — Theatre costume for Daphnis and Chloe, ca. 1912",reception,Wikimedia Commons,Léon Bakst,papyrus_flower,vegetal,costume,France\Russia,25G41,1912,https://collections.vam.ac.uk/item/O1115606/theatre-costume-bakst-leon/
BAK_DRESS_001,"L. Bakst, a sketch of a Boeotian costume for the ballet Narcissus",BAK_DRESS_001_CROP_02,BAK_DRESS_001_myrtle_like_foliage_02.jpg,Myrtle-like foliage motif — Boeotian costume design for Narcisse by Léon Bakst,reception,Wikimedia Commons,Léon Bakst,myrtle_like_foliage,vegetal,costume_design,France\Russia,25G4,1911,https://commons.wikimedia.org/wiki/File:Bakst_Narcisse_Bacchante.jpg
BAK_DRESS_002,"L. Bakst, sketch of a nymph costume (1922)",BAK_DRESS_002_CROP_01,BAK_DRESS_002_myrtle_01.jpg,"Myrtle-like foliage motif — Nymph costume design by Léon Bakst, 1922",reception,Wikimedia Commons,Léon Bakst,myrtle_like_foliage,vegetal,costume_design,France\Russia,25G4,1922,"https://commons.wikimedia.org/wiki/File:Narcisse,_The_Nymph_Echo.jpg"
BAK_DRESS_003,B_Daphnis and Chloe by L. Bakst 09.jpg,BAK_DRESS_003_CROP_01,BAK_DRESS_003_papyrus_like_leaf_01.jpg,Papyrus flower motif — Costume design for Daphnis and Chloe by Léon Bakst,reception,Wikimedia Commons,Léon Bakst,papyrus_flower,vegetal,costume_design,France\Russia,25G41,1912,https://commons.wikimedia.org/wiki/File:Daphnis_and_Chloe_by_L._Bakst_09.jpg
BAK_DRESS_004,B_Helene de Sparte ballet by L. Bakst.jpg,BAK_DRESS_004_CROP_01,BAK_DRESS_004_heart_shaped_with_three_crocus_buds_01.jpg,Heart-shaped form with three crocus buds motif — Costume design for Hélène de Sparte by Léon Bakst,reception,Wikimedia Commons,Léon Bakst,heart_shaped_with_three_crocus_buds,vegetal,costume_design,France\Russia,25G41(CROCUS),1912,https://commons.wikimedia.org/wiki/File:Helene_de_Sparte_ballet_by_L._Bakst_03b.jpg
BAK_DRESS_005,B_Helene de Sparte ballet by L. Bakst7.jpg,BAK_DRESS_005_CROP_01,BAK_DRESS_005_heart_shaped_with_three_crocus_buds_01.jpg,Heart-shaped form with three crocus buds motif — Costume design for Hélène de Sparte by Léon Bakst,reception,Wikimedia Commons,Léon Bakst,heart_shaped_with_three_crocus_buds,vegetal,costume_design,France\Russia,25G41(CROCUS),1912,https://ru.wikipedia.org/wiki/%D0%A4%D0%B0%D0%B9%D0%BB:Helene_de_Sparte_ballet_by_L._Bakst_03.jpg
BAK_DRESS_007,B_L'après-midi d'un faune by L.Bakst 03.jpg,BAK_DRESS_007_CROP_01,BAK_DRESS_007_ivy_01.jpg,Paired ivy sprigs motif — Costume design for L’Après-midi d’un faune by Léon Bakst,reception,Wikimedia Commons,Léon Bakst,double_ivy_sprigs,vegetal,costume_design,France\Russia,25G4(IVY),1912,https://commons.wikimedia.org/wiki/File:L%27apr%C3%A8s-midi_d%27un_faune_by_L.Bakst_03.jpg
BAK_DRESS_008,bakst_fedra_costume_design,BAK_DRESS_008_CROP_01,BAK_DRESS_008_ivy_01.jpg,Paired ivy sprigs motif — Costume design for Phèdre by Léon Bakst,reception,Wikimedia Commons,Léon Bakst,double_ivy_sprigs,vegetal,costume_design,France\Russia,25G4(IVY),1923,"https://fr.wikiquote.org/wiki/Fichier:Ida_Rubinstein%27s_costume_for_Phaedra_by_L.Bakst_(1923,_priv.coll.).jpg"
BAK_DRESS_010,B_Phaedra  Six Suppliantes Projet de costume pour Fedra Collection Centre Pompidou.png,BAK_DRESS_010_CROP_01,BAK_DRESS_010_papyrus_like_leaf_01.jpg,"Papyrus flower motif — Costume design for Phèdre, Centre Pompidou",reception,Centre Pompidou,Léon Bakst,papyrus_flower,vegetal,costume_design,France\Russia,25G41,1923,https://www.centrepompidou.fr/fr/ressources/oeuvre/cRRLqxk
BAK_DRESS_014,Bakst - The Butterfly.jpg,BAK_DRESS_014_CROP_01,BAK_DRESS_014_papyrus_like_leaf_01.jpg,"Papyrus flower motif — The Butterfly, costume design by Léon Bakst",reception,Wikimedia Commons,Léon Bakst,papyrus_flower,vegetal,costume_design,France\Russia,25G41,1913,https://commons.wikimedia.org/wiki/File:L%C3%A9on_Nikolaievitch_Bakst_-_The_Butterfly_(Costume_Design_for_Anna_Pavlova)_-_Google_Art_Project.jpg
BAK_DRESS_016,"Bakst, costumes faits pour le ballet Phèdre (1923), Photo Wikimedia Commons.jpg",BAK_DRESS_016_CROP_01,BAK_DRESS_016_heart_shaped_leaf_01.jpg,"Heart-shaped leaf motif — Costume design for Phèdre by Léon Bakst, 1923",reception,Wikimedia Commons,Léon Bakst,heart_shaped_leaf,vegetal,costume_design,France\Russia,25G4,1923,https://commons.wikimedia.org/wiki/File:Daphnis_and_Chloe_by_L._Bakst_09.jpg
BAK_DRESS_017,Bakst1923phedra.jpg,BAK_DRESS_017_CROP_01,BAK_DRESS_017_ivy_01.jpg,"Paired ivy sprigs motif — Costume design for Phèdre by Léon Bakst, 1923",reception,Wikimedia Commons,Léon Bakst,double_ivy_sprigs,vegetal,costume_design,France\Russia,25G4(IVY),1923,https://commons.wikimedia.org/wiki/File:Bakst1923phedratheseus.jpg
BAK_DRESS_018,Bakst1923theseus..jpg,BAK_DRESS_018_CROP_01,BAK_DRESS_018_heart_shaped_with_three_crocus_buds_01.jpg,"Heart-shaped form with three crocus buds motif — Costume design for Theseus by Léon Bakst, 1923",reception,Wikimedia Commons,Léon Bakst,heart_shaped_with_three_crocus_buds,vegetal,costume_design,France\Russia,25G41(CROCUS),1923,https://commons.wikimedia.org/wiki/File:Bakst1923phedratheseus.jpg
BAK_DRESS_022,Daphnis and Chloe by L. Bakst 07.jpg,BAK_DRESS_022_CROP_01,BAK_DRESS_022_ivy_01.jpg,Paired ivy sprigs motif — Costume design for Daphnis and Chloe by Léon Bakst,reception,Wikimedia Commons,Léon Bakst,double_ivy_sprigs,vegetal,costume_design,France\Russia,25G4(IVY),1912,https://commons.wikimedia.org/wiki/File:Daphnis_and_Chloe_by_L._Bakst_07.jpg
BAK_DRESS_024,Design for a costume in D'Annunzio's Phaedre.jpg,BAK_DRESS_024_CROP_01,BAK_DRESS_024_ivy_01.jpg,Paired ivy sprigs motif — Costume design for D’Annunzio’s Phèdre by Léon Bakst,reception,Wikimedia Commons,Léon Bakst,double_ivy_sprigs,vegetal,costume_design,France\Russia,25G4(IVY),1923,https://collections.vam.ac.uk/item/O186919/design-for-a-costume-in-drawing-l%C3%A9on-bakst/
BAK_DRESS_036,Pollux the King (Costume Design for Hélène de Sparte) Boston museum of fine arts Date  1912 Helene de Sparte ballet by L. Bakst,BAK_DRESS_036_CROP_01,BAK_DRESS_036_spiral_01,"Spiral motif — Pollux the King, costume design for Hélène de Sparte by Léon Bakst",reception,Wikimedia Commons,Léon Bakst,spiral,geometric,costume_design,,48A98133,1912,https://commons.wikimedia.org/wiki/File:Helene_de_Sparte_ballet_by_L._Bakst_04.jpeg
BAK_DRESS_025,"Figure 5.25 L. Bakst, costume for female character in Phèdre (Appendix no. 30) (see Spencer 2009, p. 171).jpg",BAK_DRESS_025_CROP_01,BAK_DRESS_025_papyrus_like_leaf_01.jpg,Papyrus flower motif — Costume design for a female character in Phèdre by Léon Bakst,reception,Wikimedia Commons,Léon Bakst,papyrus_flower,vegetal,costume_design,France\Russia,25G41,1923,https://ru.wikipedia.org/wiki/%D0%A4%D0%B0%D0%B9%D0%BB:Phaedra_(Bakst)_09.jpg
BAK_DRESS_026,"Figure 5.26 L. Bakst, Phèdre (1923), costume design for male character (Appendix.jpg",BAK_DRESS_026_CROP_01,BAK_DRESS_026_heart_shaped_leaf_01.jpg,Heart-shaped leaf motif — Costume design for a male character in Phèdre by Léon Bakst,reception,Wikimedia Commons,Léon Bakst,heart_shaped_leaf,vegetal,costume_design,France\Russia,25G4,1923,https://www.centrepompidou.fr/fr/ressources/oeuvre/caz9qK8
BAK_DRESS_029,"National Gallery of Australia, Canberra.jpg",BAK_DRESS_029_CROP_01,BAK_DRESS_029_heart_shaped_leaf_01.jpg,"Heart-shaped leaf motif — Costume design by Léon Bakst, National Gallery of Australia",reception,National Gallery of Australia,Léon Bakst,heart_shaped_leaf,vegetal,costume_design,France\Russia,25G4,1912,https://digital.nga.gov.au/archive/exhibition/balletsrusses/default.cfm%3firn=107455&bioartistirn=19455&mnuid=3&galid=15&viewid=2.html
BAK_DRESS_030,Nymph Costume Design for the ballet in one.jpg,BAK_DRESS_030_CROP_01,BAK_DRESS_030_myrtle_01.jpg,Myrtle-like foliage motif — Nymph costume design for Narcisse by Léon Bakst,reception,Wikimedia Commons,Léon Bakst,myrtle_like_foliage,vegetal,costume_design,France\Russia,25G4,1911,https://www.wikiart.org/en/leon-bakst/costume-design-for-the-ballet-narcisse-nymph-1911-1
BAK_DRESS_031,"Shepherd in ‘Daphnis et Chloe’ (1912 - 1916) Léon Bakst (Russian, 1866-1924) — копия.jpg",BAK_DRESS_031_CROP_01,BAK_DRESS_031_papyrus_like_leaf_01.jpg,"Papyrus flower motif — Shepherd in Daphnis and Chloe by Léon Bakst, 1912–1916",reception,Wikimedia Commons,Léon Bakst,papyrus_flower,vegetal,costume_design,France\Russia,25G41,1914,https://fr.wikipedia.org/wiki/Fichier:Daphnis_and_Chloe_by_L._Bakst_05.jpg
BAK_DRESS_035,Hélène de Sparte (cf. Appendix no. 6). Costume design for Menelaus ( Figure 5.7A ).jpg,BAK_DRESS_035_CROP_01,BAK_DRESS_035_papyrus_like_leaf_01.jpg,Papyrus flower motif — Costume design for Menelaus in Hélène de Sparte by Léon Bakst,reception,Wikimedia Commons,Léon Bakst,papyrus_flower,vegetal,costume_design,France\Russia,25G41,1912,https://commons.wikimedia.org/wiki/File:Helene_de_Sparte_ballet_by_L._Bakst_06.jpg?uselang=it
BAK_DRESS_034,Theatre costume ca. 1912 (made) Daphnis and Chloe.jpg,BAK_DRESS_034_CROP_02,BAK_DRESS_034_papyrus_like_leaf_02.jpg,"Papyrus flower motif — Theatre costume for Daphnis and Chloe, ca. 1912",reception,Wikimedia Commons,Léon Bakst,papyrus_flower,vegetal,costume_design,France\Russia,25G41,1912,https://collections.vam.ac.uk/item/O1115613/theatre-costume-bakst-leon/
FAS_DRESS_004,Lagerfeld_1994 spring–summer collection designed by the famous,FAS_DRESS_004_CROP_01,FAS_DRESS_004_papyrus_group_01.jpg,Papyrus group motif — Costume design from the Chloé Spring–Summer 1994 collection,reception,Chloé SS1994,Karl Lagerfeld / Chloé SS1994,papyrus_group,vegetal,costume_design,"Paris, France",25G41,1994,https://museen.de/karl-lagerfeld-modemethode-bonn.html
ARC_VAS_007,Alternating Style cup_heraklionmuseum,ARC_VAS_007_CROP_01,ARC_VAS_007_papyrus_01.jpg,Papyrus motif — Alternating Style cup,archaeological,Heraklion Archaeological Museum,unknown,papyrus_flower,floral,cup,Archanes,25G41,-1475,https://ca.heraklionmuseum.gr/ca/pawtucket/index.php/Detail/objects/196
FOR_DRESS_001,"caftan 1920-1929 Mariano Fortuny y Madrazo (Spanish, 1871–1949) 2003.15.jpg",FOR_DRESS_001_CROP_03,FOR_DRESS_001_ivy_03.jpg,"Climbing ivy motif — Caftan by Mariano Fortuny, 1920–1929",reception,Indianapolis Museum of Art Collection,Mariano Fortuny,climbing_ivy,vegetal,caftan,Venice,25G4(IVY),1925,https://collections.discovernewfields.org/art/artwork/63765
FOR_DRESS_006,Tunica 48 (Caloi).png,FOR_DRESS_006_CROP_01,FOR_DRESS_006_ivy_01.jpg,Climbing ivy motif — Tunic no. 48 (Caloi),reception,"I.Caloi, Modernità MinoicaL'Arte Egea e l'Art Nouveau: il Caso di Mariano Fortuny y Madrazo",Mariano Fortuny,climbing_ivy,vegetal,tunica,Venice,25G4(IVY),1920,Copyright restricted. https://books.fupress.com/catalogue/modernit-minoicalarte-egea-e-lart-nouveau-il-caso-di-mariano-fortuny-y-madrazo/2161
FOR_DRESS_007,Tunica 49 (Caloi).png,FOR_DRESS_007_CROP_02,FOR_DRESS_007_ivy_02.jpg,Climbing ivy motif — Tunic no. 49 (Caloi),reception,"I.Caloi, Modernità MinoicaL'Arte Egea e l'Art Nouveau: il Caso di Mariano Fortuny y Madrazo",Mariano Fortuny,climbing_ivy,vegetal,tunica,Venice,25G4(IVY),1920,Copyright restricted. https://books.fupress.com/catalogue/modernit-minoicalarte-egea-e-lart-nouveau-il-caso-di-mariano-fortuny-y-madrazo/2161
FOR_DRESS_008,Tunica 50 (Caloi).png,FOR_DRESS_008_CROP_01,FOR_DRESS_008_heart_shaped_leaf_01.jpg,Heart-shaped leaf motif — Tunic no. 50 (Caloi),reception,"I.Caloi, Modernità MinoicaL'Arte Egea e l'Art Nouveau: il Caso di Mariano Fortuny y Madrazo",Mariano Fortuny,heart_shaped_leaf,vegetal,tunica,Venice,25G4,1920,Copyright restricted. https://books.fupress.com/catalogue/modernit-minoicalarte-egea-e-lart-nouveau-il-caso-di-mariano-fortuny-y-madrazo/2161
FOR_DRESS_008,Tunica 50 (Caloi).png,FOR_DRESS_008_CROP_02,FOR_DRESS_008_bean_leafs_02.jpg,Bean-leaf motif — Tunic no. 50 (Caloi),reception,"I.Caloi, Modernità MinoicaL'Arte Egea e l'Art Nouveau: il Caso di Mariano Fortuny y Madrazo",Mariano Fortuny,bean_leaves,vegetal,tunica,Venice,25G4,1920,Copyright restricted. https://books.fupress.com/catalogue/modernit-minoicalarte-egea-e-lart-nouveau-il-caso-di-mariano-fortuny-y-madrazo/2161
FOR_TXT_002,"Matrice di stampa in tela cerata, Manifattura Fortuny, 1910 ca, Venezia, Museo Fortuny, inv. 120d.",FOR_TXT_002_CROP_01,FOR_TXT_002_heart_shaped_leaf_01.jpg,"Heart-shaped leaf motif — Waxed-canvas printing matrix, Manifattura Fortuny, ca. 1910, inv. 120d",reception,Museum Fortuny,Mariano Fortuny,heart_shaped_leaf,vegetal,proof_print,Venice,25G4,1910,https://www.archiviodellacomunicazione.it/sicap/OpereArte/512030/?WEB=MuseiVE
FOR_TXT_010,"M_Prova di stampa da matrice lignea, Mariano Fortuny, 1906 ca, Venezia, xilografia su carta, 49,5x34 cm, Museo Fortuny, inv. n. 00709.",FOR_TXT_010_CROP_01,FOR_TXT_010_heart_shaped_palm_01.jpg,"Heart-shaped palm motif — Paper proof from a woodblock matrix by Mariano Fortuny, ca. 1906, inv. 00709",reception,Museum Fortuny,Mariano Fortuny,heart_shaped_palm,vegetal,proof_print,Venice,25G3(PALM-TREE),1906,https://artsandculture.google.com/asset/print-sample-mariano-fortuny/_wFNaQF6K2VZeQ?hl=en
FOR_SHAW_001,"Modello di scialle Knossos, 1910 ca.",FOR_SHAW_001_CROP_02,FOR_SHAW_001_bean_leafs_02.jpg,"Bean-leaf motif — Model for a Knossos shawl, ca. 1910",reception,Manifattura Fortuny,Mariano Fortuny,bean_leaves,vegetal,shawl,Venice,25G4,1910,https://artsandculture.google.com/asset/model-for-the-knossos-scarf-mariano-fortuny/zwFwMjRZzZv99A?hl=en&ms=%7B%22x%22%3A0.5520507683483069%2C%22y%22%3A0.5480857211003844%2C%22z%22%3A9.653285241929117%2C%22size%22%3A%7B%22width%22%3A1.362510077166617%2C%22height%22%3A0.8745303633067729%7D%7D
FOR_SHAW_002,"M_Fotografia di Ruth Saint Denis, 1907, Anonimo, archivio del Museo Fortuny.",FOR_SHAW_002_CROP_01,FOR_SHAW_002_heart_shaped_palm_01.jpg,"Heart-shaped palm motif — Photograph of Ruth St Denis wearing a Knossos shawl, 1907",reception,Archivio Museo Fortuny,Mariano Fortuny,heart_shaped_palm,vegetal,shawl,Venice,25G3(PALM-TREE),1907,https://artsandculture.google.com/asset/ruth-st-denis-0003/2gGkBf7AGd5a9Q?hl=it
FOR_SHAW_003,"Mariano Fortuny Modello di scialle Knossos, 1910 ca. Archivi Museo Fortuny(35 caloi scialle)",FOR_SHAW_003_CROP_02,FOR_SHAW_003_ivy_02.jpg,"Climbing ivy motif — Model for a Knossos shawl by Mariano Fortuny, ca. 1910",reception,Museum Fortuny,Mariano Fortuny,climbing_ivy,vegetal,shawl,Venice,25G4(IVY),1910,https://artsandculture.google.com/asset/model-for-the-knossos-scarf-mariano-fortuny/zwFwMjRZzZv99A?hl=en&ms=%7B%22x%22%3A0.5520507683483069%2C%22y%22%3A0.5480857211003844%2C%22z%22%3A9.653285241929117%2C%22size%22%3A%7B%22width%22%3A1.362510077166617%2C%22height%22%3A0.8745303633067729%7D%7D
FOR_SHAW_004,scialle 20 (Caloi).png,FOR_SHAW_004_CROP_03,FOR_SHAW_004_heart_shaped_leaf_03.jpg,Heart-shaped leaf motif — Shawl no. 20 (Caloi),reception,"I.Caloi, Modernità MinoicaL'Arte Egea e l'Art Nouveau: il Caso di Mariano Fortuny y Madrazo",Mariano Fortuny,heart_shaped_leaf,vegetal,shawl,Venice,25G4,1910,Copyright restricted. https://books.fupress.com/catalogue/modernit-minoicalarte-egea-e-lart-nouveau-il-caso-di-mariano-fortuny-y-madrazo/2161
FOR_SHAW_006,Scialle 28 (Caloi).png,FOR_SHAW_006_CROP_01,FOR_SHAW_006_heart_shaped_palm_01.jpg,Heart-shaped palm motif — Shawl no. 28 (Caloi),reception,"I.Caloi, Modernità MinoicaL'Arte Egea e l'Art Nouveau: il Caso di Mariano Fortuny y Madrazo",Mariano Fortuny,heart_shaped_palm,vegetal,shawl,Venice,25G3(PALM-TREE),1910,Copyright restricted. https://books.fupress.com/catalogue/modernit-minoicalarte-egea-e-lart-nouveau-il-caso-di-mariano-fortuny-y-madrazo/2161
FOR_SHAW_006,Scialle 28 (Caloi).png,FOR_SHAW_006_CROP_03,FOR_SHAW_006_heart_shaped_leaf_03.jpg,Heart-shaped leaf motif — Shawl no. 28 (Caloi),reception,"I.Caloi, Modernità MinoicaL'Arte Egea e l'Art Nouveau: il Caso di Mariano Fortuny y Madrazo",Mariano Fortuny,heart_shaped_leaf,vegetal,shawl,Venice,25G4,1910,Copyright restricted. https://books.fupress.com/catalogue/modernit-minoicalarte-egea-e-lart-nouveau-il-caso-di-mariano-fortuny-y-madrazo/2161
FOR_SHAW_007,scialle 33 (Caloi).png,FOR_SHAW_007_CROP_01,FOR_SHAW_007_heart_shaped_palm_01.jpg,Heart-shaped palm motif — Shawl no. 33 (Caloi),reception,"I.Caloi, Modernità MinoicaL'Arte Egea e l'Art Nouveau: il Caso di Mariano Fortuny y Madrazo",Mariano Fortuny,heart_shaped_palm,vegetal,shawl,Venice,25G3(PALM-TREE),1910,Copyright restricted. https://books.fupress.com/catalogue/modernit-minoicalarte-egea-e-lart-nouveau-il-caso-di-mariano-fortuny-y-madrazo/2161
FOR_SHAW_008,scialle 22 Caloi.png,FOR_SHAW_008_CROP_01,FOR_SHAW_008_ivy_01.jpg,Climbing ivy motif — Shawl no. 22 (Caloi),reception,"I.Caloi, Modernità MinoicaL'Arte Egea e l'Art Nouveau: il Caso di Mariano Fortuny y Madrazo",Mariano Fortuny,climbing_ivy,vegetal,shawl,Venice,25G4(IVY),1910,Copyright restricted. https://books.fupress.com/catalogue/modernit-minoicalarte-egea-e-lart-nouveau-il-caso-di-mariano-fortuny-y-madrazo/2161
FOR_SHAW_008,scialle 22 Caloi.png,FOR_SHAW_008_CROP_04,FOR_SHAW_008_ivy_04.jpg,Paired ivy sprigs motif — Shawl no. 22 (Caloi),reception,"I.Caloi, Modernità MinoicaL'Arte Egea e l'Art Nouveau: il Caso di Mariano Fortuny y Madrazo",Mariano Fortuny,double_ivy_sprigs,vegetal,shawl,Venice,25G4(IVY),1910,Copyright restricted. https://books.fupress.com/catalogue/modernit-minoicalarte-egea-e-lart-nouveau-il-caso-di-mariano-fortuny-y-madrazo/2161
FOR_SHAW_009,scialle 29 Caloi.png,FOR_SHAW_009_CROP_01,FOR_SHAW_009_heart_shaped_leaf_01.jpg,Heart-shaped leaf motif — Shawl no. 29 (Caloi),reception,"I.Caloi, Modernità MinoicaL'Arte Egea e l'Art Nouveau: il Caso di Mariano Fortuny y Madrazo",Mariano Fortuny,heart_shaped_leaf,vegetal,shawl,Venice,25G4,1910,Copyright restricted. https://books.fupress.com/catalogue/modernit-minoicalarte-egea-e-lart-nouveau-il-caso-di-mariano-fortuny-y-madrazo/2161
FOR_TXT_001,M_0479_ThumbJpeg,FOR_TXT_001_CROP_01,FOR_TXT_001_climbing_ivy_01.jpg,"Climbing ivy motif — Fortuny textile, inv. M_0479",reception,Museum Fortuny,Mariano Fortuny,climbing_ivy,vegetal,shawl,Venice,25G4(IVY),1910,https://www.archiviodellacomunicazione.it/sicap/OpereArte/512831/?WEB=MuseiVE
ARC_VAS_013,heraklionmuseum Hadra Vase,ARC_VAS_013_CROP_01,ARC_VAS_013_ivy_01.jpg,Paired ivy sprigs motif — Hadra vase,archaeological,Heraklion Archaeological Museum,unknown,double_ivy_sprigs,vegetal,vase,"Phaistos, Hellenistic period",25G4(IVY),-250,https://ca.heraklionmuseum.gr/ca/pawtucket/index.php/Detail/objects/596
ARC_VAS_003,Pyxis-shaped vessel_heraklionmuseum,ARC_VAS_003_CROP_01,ARC_VAS_003_heart_shaped_leaf_01.jpg,Heart-shaped leaf motif — Pyxis-shaped vessel,archaeological,Heraklion Archaeological Museum,unknown,heart_shaped_leaf,vegetal,vessel,Pseira,25G4,-1475,https://ca.heraklionmuseum.gr/ca/pawtucket/index.php/Detail/objects/279
ARC_VAS_010,heraklionmuseum Bridge-spouted jar with decoration of the Standard Tradition Late Minoan ΙI period.,ARC_VAS_010_CROP_01,ARC_VAS_010_heart_shaped_leaf_01.jpg,"Heart-shaped leaf motif — Bridge-spouted jar with Standard Tradition decoration, Late Minoan II",archaeological,Heraklion Archaeological Museum,unknown,heart_shaped_leaf,vegetal,jar,Gournia,25G4,-1425,https://ca.heraklionmuseum.gr/ca/pawtucket/index.php/Detail/objects/154
ARC_VAS_016,"heraklionmuseum Palace Style pithoid jar , Late Minoan IB period",ARC_VAS_016_CROP_01,ARC_VAS_016_heart_shaped_leaf_01.jpg,"Heart-shaped leaf motif — Palace Style pithoid jar, Late Minoan IB",archaeological,Heraklion Archaeological Museum,unknown,heart_shaped_leaf,vegetal,jar,Knossos,25G4,-1490,https://ca.heraklionmuseum.gr/ca/pawtucket/index.php/Detail/objects/289
ARC_VAS_020,heraklionmuseum Two-handled open vessel,ARC_VAS_020_CROP_01,ARC_VAS_020_heart_shaped_with_three_crocus_buds_01.jpg,Heart-shaped form with three crocus buds motif — Two-handled open vessel,archaeological,Heraklion Archaeological Museum,unknown,heart_shaped_with_three_crocus_buds,vegetal,vessel,Phaistos,25G41(CROCUS),-1475,https://ca.heraklionmuseum.gr/ca/pawtucket/index.php/Detail/objects/155
ARC_VAS_022,"Poursat, Knappett, Fig. 25.10 Palaikastro, ewer, ceramic. H. 24.5 cm. LM IB (1530-1450 вс). Heraklion, AM 5172, Photo Müller 1997, pl. 7 .jpg",ARC_VAS_022_CROP_01,ARC_VAS_022_papyrus_like_leaf_01.jpg,"Papyrus flower motif — Ewer from Palaikastro, Late Minoan IB",,"Poursat J.C., Knappett C. The Art and Archaeology of the Aegean Bronze Age, Figure 25.10 Palaikastro, ewer, ceramic. H. 24.5 cm. LM IB (1530-1450 вс). Heraklion, AM 5172, Photo Müller 1997, pl. 7 ",unknown,papyrus_flower,vegetal,vessel,Heraklion,25G41,-1490,https://www.facebook.com/groups/832757514032223/posts/1862462444395053/
ARC_FRES_012,Akrotiri frescos in the National Archaeological Museum of Athens wikipedia.jpg,ARC_FRES_012_CROP_01,ARC_FRES_012_ivy_01.jpg,"Paired ivy sprigs motif — Akrotiri frescoes, National Archaeological Museum, Athens",,National Archaeological Museum of Athens / Wikipedia,unknown,double_ivy_sprigs,vegetal,fresco,"Akrotiri, Thera",25G4(IVY),-1600,https://it.wikipedia.org/wiki/File:0020MAN-Akrotiri_frescoes.jpg
ARC_OBJ_003,chest larnax heraklionmuseum,ARC_OBJ_003_CROP_01,ARC_OBJ_003_spiral_01.jpg,Spiral group motif — Chest larnax,archaeological,Heraklion Archaeological Museum,unknown,spiral_group,geometric,larnax,Palaikastro,48A98133,-1335,https://heraklionmuseum.gr/en/exhibit/chest-larnax/
ARC_VAS_001,Palace Style pithoid jar_knoss_heraklionmuseum,ARC_VAS_001_CROP_01,ARC_VAS_001_papyrus_flowers_01.jpg,"Papyrus flower motif — Palace Style pithoid jar, Knossos",archaeological,Heraklion Archaeological Museum,unknown,papyrus_flower,floral,jar,Knossos,25G41,-1425,https://ca.heraklionmuseum.gr/ca/pawtucket/index.php/Detail/objects/289
ARC_VAS_001,Palace Style pithoid jar_knoss_heraklionmuseum,ARC_VAS_001_CROP_03,ARC_VAS_001_papyrus_flower_03.jpg,"Papyrus flower motif — Palace Style pithoid jar, Knossos",archaeological,Heraklion Archaeological Museum,unknown,papyrus_flower,floral,jar,Knossos,25G41,-1425,https://ca.heraklionmuseum.gr/ca/pawtucket/index.php/Detail/objects/289
BOOK_099,"Place of minos at knossos vol.1 by Evans, Arthur-216_fig133",BOOK_099_CROP_01,BOOK_099_myrthle_01.jpg,"Myrtle-like foliage motif — The Palace of Minos at Knossos, vol. 1, p. 216, fig. 133",publication,"Arthur Evans, Place of Minos at Knossos vol.1",,myrtle_like_foliage,vegetal,book_illustration,,25G4,1921,https://archive.org/details/in.gov.ignca.6667/page/184/mode/1up
BOOK_098,"Place of minos at knossos vol.1 by Evans, Arthur-570. fig364_crocuses",BOOK_098_CROP_02,BOOK_098_crocuses_01.jpg,"Crocus group motif — The Palace of Minos at Knossos, vol. 1, p. 570, fig. 364",publication,"Arthur Evans, Place of Minos at Knossos vol.1",,crocus_group,floral,book_illustration,,25G41(CROCUS),1921,https://archive.org/details/in.gov.ignca.6667/page/506/mode/1up
ARC_FRES_010,Lily fresco_heraklionmuseum,ARC_FRES_010_CROP_01,ARC_FRES_010_lily_01.jpg,"Lily motif — Lily Fresco, Amnisos",archaeological,Heraklion Archaeological Museum,unknown,lily_group,floral,fresco,villa at Amnisos,25G41(LILY),-1550,https://heraklionmuseum.gr/en/exhibit/lily-fresco/
ARC_FRES_014,Akrotiri Spring Fresco.jpg,ARC_FRES_014_CROP_03,ARC_FRES_014_lily_03,"Lily flower motif — Spring Fresco, Akrotiri",archaeological,Wikimedia Commons,unknown,lily,floral,fresco,"Akrotiri, Thera",25G41(LILY),-1600,https://en.wikipedia.org/wiki/File:Akrotiri_Spring_Fresco.jpg
